"","B.Cell","CD4_T","CD8_T","DC","Endothelial_cells","Epithelial_cells","Fibroblast","Hepatocytes","M1","M2","Macrophage_Other","Malignant","Monocyte","Neurons","Neutrophils","NK.Cell","Smooth_muscle_cells","Tcell_Other"
"Lin_2020_MET01",0,0,0,0,0,0,0,0,0,0.015,0.01,0.93,0.035,0,0,0,0,0.01
"Lin_2020_MET02",0.00272108843537415,0.00136054421768707,0,0,0,0.00408163265306122,0,0,0,0.00408163265306122,0,0.964625850340136,0.019047619047619,0,0,0.00272108843537415,0,0.00136054421768707
"Lin_2020_MET04",0.0121457489878543,0.0647773279352227,0.0242914979757085,0,0,0.00404858299595142,0,0,0,0.0526315789473684,0.0728744939271255,0.376518218623482,0.238866396761134,0,0.0161943319838057,0.097165991902834,0,0.0404858299595142
"Lin_2020_MET05",0.00114810562571757,0.000382701875239189,0.00229621125143513,0.00114810562571757,0.000382701875239189,0.153080750095675,0,0,0.00114810562571757,0.00995024875621891,0.0068886337543054,0.515882127822426,0.020283199387677,0,0.0149253731343284,0.174894756984309,0,0.0975889781859931
"Lin_2020_MET06",0.000814000814000814,0.00284900284900285,0.0142450142450142,0.000407000407000407,0.000407000407000407,0.162800162800163,0,0.000407000407000407,0.00325600325600326,0.00284900284900285,0.00773300773300773,0.746031746031746,0.0207570207570208,0,0.00244200244200244,0.0211640211640212,0,0.0138380138380138
"Lin_2020_P01",0.0231660231660232,0.0637065637065637,0.0115830115830116,0.00193050193050193,0.237451737451737,0.0868725868725869,0,0.00193050193050193,0,0,0.00193050193050193,0.274131274131274,0.0212355212355212,0.00193050193050193,0.0154440154440154,0.115830115830116,0.0193050193050193,0.123552123552124
"Lin_2020_P03",0,0,0,0,0.111111111111111,0.113289760348584,0.00217864923747277,0.00217864923747277,0,0.00217864923747277,0.00435729847494553,0.710239651416122,0.0196078431372549,0,0,0.0196078431372549,0.00435729847494553,0.0108932461873638
"Lin_2020_P04",0.01171875,0.009765625,0.1875,0,0.009765625,0.056640625,0.005859375,0,0,0,0.005859375,0.24609375,0,0.0078125,0.025390625,0.306640625,0.001953125,0.125
"Lin_2020_P06",0.0202839756592292,0.00202839756592292,0,0.00608519269776876,0.0405679513184584,0.237322515212982,0.0567951318458418,0.00202839756592292,0.0121703853955375,0.00405679513184584,0.026369168356998,0.438133874239351,0.0527383367139959,0.00202839756592292,0.00405679513184584,0,0.0912778904665314,0.00405679513184584
"Lin_2020_P07",0.0161290322580645,0.0516129032258065,0.0118279569892473,0.00645161290322581,0.0118279569892473,0.0720430107526882,0.0161290322580645,0.0032258064516129,0.102150537634409,0.0688172043010753,0.211827956989247,0.12258064516129,0.245161290322581,0,0,0.0172043010752688,0.0118279569892473,0.0311827956989247
"Lin_2020_P08",0.00733496332518337,0,0,0.00488997555012225,0.0305623471882641,0.530562347188264,0.0330073349633252,0,0.00733496332518337,0.0183374083129584,0.019559902200489,0.215158924205379,0.0770171149144254,0.00366748166259169,0,0.00611246943765281,0.039119804400978,0.00733496332518337
"Lin_2020_P09",0,0.00208333333333333,0,0.00625,0.0416666666666667,0.160416666666667,0.0458333333333333,0.00416666666666667,0.0208333333333333,0.075,0.0875,0.216666666666667,0.295833333333333,0,0.00833333333333333,0.0125,0.0125,0.0104166666666667
"Lin_2020_P10",0.000998003992015968,0.000998003992015968,0,0.000998003992015968,0,0.430139720558882,0.0159680638722555,0,0.00798403193612774,0.0109780439121756,0.0199600798403194,0.407185628742515,0.0459081836327345,0,0.0159680638722555,0.0269461077844311,0.00698602794411178,0.00898203592814371
"Steele_2020_PDAC_TISSUE_10",0.0321951219512195,0.104390243902439,0.0741463414634146,0.00682926829268293,0.00390243902439024,0.0380487804878049,0,0.00195121951219512,0.064390243902439,0.00585365853658537,0.0175609756097561,0.0614634146341463,0.248780487804878,0,0.0439024390243902,0.198048780487805,0,0.0985365853658537
"Steele_2020_PDAC_TISSUE_11A",0.00786885245901639,0.00786885245901639,0.0019672131147541,0.0780327868852459,0.0124590163934426,0.141639344262295,0,0.0019672131147541,0.0537704918032787,0.0242622950819672,0.059016393442623,0.493114754098361,0.0898360655737705,0,0.0019672131147541,0.020327868852459,0,0.0059016393442623
"Steele_2020_PDAC_TISSUE_11B",0.00735294117647059,0.123161764705882,0.00551470588235294,0.00919117647058824,0.00551470588235294,0.0395220588235294,0,0,0.0128676470588235,0.00643382352941176,0.0229779411764706,0.479779411764706,0.210477941176471,0,0.00367647058823529,0.0588235294117647,0,0.0147058823529412
"Steele_2020_PDAC_TISSUE_13",0.00345940959409594,0.036669741697417,0.0101476014760148,0.0142988929889299,0.000461254612546125,0.13030442804428,0.000691881918819188,0.000461254612546125,0.0544280442804428,0.0629612546125461,0.101245387453875,0.412592250922509,0.0498154981549815,0,0.0136070110701107,0.077260147601476,0.000230627306273063,0.0313653136531365
"Steele_2020_PDAC_TISSUE_15",0.0185185185185185,0.144880174291939,0.0245098039215686,0.0174291938997821,0.00272331154684096,0.117102396514161,0.00435729847494553,0.00381263616557734,0.0217864923747277,0.0310457516339869,0.0713507625272331,0.0533769063180828,0.235294117647059,0,0,0.198257080610022,0.00217864923747277,0.0533769063180828
"Steele_2020_PDAC_TISSUE_16",0.00561009817671809,0.00841514726507714,0.00561009817671809,0.00280504908835905,0.00140252454417952,0.0266479663394109,0,0,0.00280504908835905,0.0112201963534362,0.00841514726507714,0.845722300140252,0.0140252454417952,0,0,0.0350631136044881,0,0.032258064516129
"Steele_2020_PDAC_TISSUE_2",0.00387096774193548,0.0148387096774194,0.0032258064516129,0.00193548387096774,0.00645161290322581,0.332258064516129,0.00129032258064516,0.0032258064516129,0.012258064516129,0.0419354838709677,0.0580645161290323,0.379354838709677,0.052258064516129,0,0.000645161290322581,0.0761290322580645,0.00129032258064516,0.0109677419354839
"Steele_2020_PDAC_TISSUE_3",0.0800794176042356,0.217074784910655,0.0489741892786234,0.00727994705493051,0.00198544010589014,0.0297816015883521,0.000661813368630046,0,0.00661813368630046,0.000661813368630046,0.00132362673726009,0.180675049636003,0.113170086035738,0,0,0.192587690271343,0.000661813368630046,0.118464592984778
"Steele_2020_PDAC_TISSUE_6",0.203125,0.114375,0.023125,0.00625,0.001875,0.0525,0.00125,0.00125,0.013125,0.0025,0.019375,0.214375,0.04125,0,0.00125,0.23875,0.000625,0.065
"T1",0.000966183574879227,0.00772946859903382,0.00483091787439614,0.00483091787439614,0.178743961352657,0.430917874396135,0.00676328502415459,0.0135265700483092,0.00193236714975845,0.0183574879227053,0.0193236714975845,0.021256038647343,0.0811594202898551,0.000966183574879227,0.0531400966183575,0.0888888888888889,0.0531400966183575,0.0135265700483092
"T11",0.00155199172271081,0.0108639420589757,0.0041386445938955,0.0139679255043973,0.0393171236420072,0.240558717020176,0.150025866528712,0.0310398344542162,0.0279358510087946,0.0315571650284532,0.0869115364718055,0.0941541645111226,0.0863942058975685,0.00155199172271081,0.0041386445938955,0.0434557682359027,0.124159337816865,0.008277289187791
"T14",0.000523834468308015,0,0.000523834468308015,0.00157150340492404,0.0387637506547931,0.268203247773704,0.00209533787323206,0.00104766893661603,0.00261917234154007,0.0036668412781561,0.00314300680984809,0.64641173389209,0.0162388685175485,0.000523834468308015,0,0.0036668412781561,0.00942902042954426,0.00157150340492404
"T15",0.044975404075896,0.050597329585383,0.0133520730850316,0.005621925509487,0.182009838369642,0.0990864371047084,0.121574139142656,0.0751932536893886,0.00351370344342937,0.00913562895291637,0.00913562895291637,0.073085031623331,0.0527055516514406,0.00210822206605762,0.000702740688685875,0.073085031623331,0.139845397048489,0.0442726633872101
"T16",0.00988467874794069,0.00988467874794069,0.00164744645799012,0.0123558484349259,0.192751235584843,0.14497528830313,0.0411861614497529,0.0403624382207578,0.0222405271828666,0.0172981878088962,0.0378912685337726,0.0609555189456343,0.191103789126853,0,0.00247116968698517,0.0329489291598023,0.165568369028007,0.0164744645799012
"T17",0.00675675675675676,0.00363825363825364,0,0.00415800415800416,0.0535343035343035,0.268711018711019,0.00571725571725572,0.00103950103950104,0.00467775467775468,0.0275467775467775,0.0202702702702703,0.509355509355509,0.0784823284823285,0,0.00051975051975052,0.00675675675675676,0.00727650727650728,0.00155925155925156
"T18",0,0,0,0.00209497206703911,0.108240223463687,0.152932960893855,0.0104748603351955,0,0.00209497206703911,0.00139664804469274,0.00628491620111732,0.678072625698324,0.00768156424581006,0.000698324022346369,0,0.00488826815642458,0.0244413407821229,0.000698324022346369
"T19",0.0154455445544554,0.015049504950495,0.00594059405940594,0.0114851485148515,0.300990099009901,0.11960396039604,0.00673267326732673,0.0154455445544554,0.0277227722772277,0.0225742574257426,0.0502970297029703,0.131089108910891,0.137029702970297,0.000396039603960396,0.00198019801980198,0.0625742574257426,0.0562376237623762,0.0194059405940594
"T2",0.13179992698065,0.1350857977364,0.0255567725447244,0.00438116100766703,0.0584154801022271,0.0916392844103688,0.00511135450894487,0.0525739320920044,0.00912741876597298,0.00511135450894487,0.00620664476086163,0.0394304490690033,0.106243154435926,0.000730193501277839,0.00730193501277839,0.17889740781307,0.0222709017889741,0.120116830960204
"T20",0,0.00226757369614512,0.00226757369614512,0.00453514739229025,0.195011337868481,0.149659863945578,0.00453514739229025,0.0090702947845805,0.00680272108843537,0.00680272108843537,0.0090702947845805,0.564625850340136,0.0317460317460317,0,0,0.0090702947845805,0.00453514739229025,0
"T21",0.0123456790123457,0.0178326474622771,0.00823045267489712,0.00411522633744856,0.037037037037037,0.127572016460905,0.00274348422496571,0.00960219478737997,0.0192043895747599,0.0631001371742112,0.104252400548697,0.275720164609054,0.240054869684499,0,0.00274348422496571,0.0301783264746228,0.00411522633744856,0.0411522633744856
"T22",0.047887323943662,0.132394366197183,0.0122065727699531,0.0169014084507042,0.0122065727699531,0.213145539906103,0.0028169014084507,0,0.00657276995305164,0.0230046948356808,0.0291079812206573,0.288732394366197,0.0563380281690141,0,0.00328638497652582,0.0699530516431925,0.007981220657277,0.0774647887323944
"T24",0.00129533678756477,0.0077720207253886,0.0110103626943005,0.0110103626943005,0.262953367875648,0.154145077720207,0.0822538860103627,0.0712435233160622,0.00971502590673575,0.00194300518134715,0.0077720207253886,0.143134715025907,0.0427461139896373,0.000647668393782383,0.0038860103626943,0.0634715025906736,0.112046632124352,0.0129533678756477
"T3",0.00353045013239188,0.0141218005295675,0.00176522506619594,0.0123565754633716,0.129744042365402,0.172992056487202,0.0273609885260371,0.00088261253309797,0.0150044130626655,0.0370697263901147,0.0335392762577229,0.308914386584289,0.0820829655781112,0,0.00794351279788173,0.0653133274492498,0.0759046778464254,0.0114739629302736
"T6",0.00123228589032656,0.00492914356130622,0.0104744300677757,0.0141712877387554,0.195933456561922,0.205791743684535,0.00924214417744917,0.139248305606901,0.0314232902033272,0.00985828712261245,0.0308071472581639,0.162661737523105,0.0936537276648182,0,0.00308071472581639,0.0523721503388786,0.0240295748613678,0.011090573012939
"T7",0,0.00495867768595041,0.00330578512396694,0.00165289256198347,0.181818181818182,0.256198347107438,0.0165289256198347,0.196694214876033,0.00661157024793388,0.00661157024793388,0.0181818181818182,0.20495867768595,0.028099173553719,0,0,0.0231404958677686,0.0396694214876033,0.0115702479338843
"T8",0.00814332247557003,0.011400651465798,0.00488599348534202,0.00162866449511401,0.0293159609120521,0.682410423452769,0.011400651465798,0.00325732899022801,0.0211726384364821,0.011400651465798,0.0553745928338762,0.011400651465798,0.0488599348534202,0,0,0.0570032573289902,0.0244299674267101,0.0179153094462541
"T9",0,0.00147710487444609,0.000984736582964057,0.00196947316592811,0.0034465780403742,0.223042836041359,0.0241260462826194,0.00196947316592811,0.00738552437223043,0.00837026095519449,0.0162481536189069,0.663712456917774,0.03397341211226,0.000492368291482029,0,0.00295420974889217,0.00738552437223043,0.00246184145741014
"Werba_2023_P01",0.00913140311804009,0.0278396436525612,0.114253897550111,0.00623608017817372,0.0140311804008909,0.0959910913140312,0.00022271714922049,0.00267260579064588,0.0400890868596882,0.0485523385300668,0.102449888641425,0.226726057906459,0.153452115812918,0.00022271714922049,0.00155902004454343,0.0873051224944321,0.00044543429844098,0.0688195991091314
"Werba_2023_P02",0.030970406056435,0.158981417756366,0.194425326909842,0.00275292498279422,0.00172057811424639,0.123193392980041,0,0.00137646249139711,0.0141087405368204,0.00447350309704061,0.022367515485203,0,0.0502408809359945,0,0.00378527185134205,0.181348933241569,0.00137646249139711,0.208878183069511
"Werba_2023_P04",0.0162849872773537,0.0900763358778626,0.175572519083969,0.00458015267175573,0.0895674300254453,0.11704834605598,0.0447837150127226,0.00712468193384224,0.00458015267175573,0.0203562340966921,0.0269720101781171,0.12264631043257,0.0315521628498728,0.0127226463104326,0.00966921119592875,0.0544529262086514,0.0427480916030534,0.129262086513995
"Werba_2023_P05",0.00507328072153326,0.0228861330326945,0.0189402480270575,0.0164599774520857,0.0164599774520857,0.0785794813979707,0.000901916572717024,0,0.004847801578354,0.00947012401352875,0.0204058624577227,0.744193912063134,0.0161217587373168,0.00135287485907554,0.000676437429537768,0.0128523111612176,0.000225479143179256,0.0305524239007892
"Werba_2023_P07",0.0228571428571429,0.0577443609022556,0.0496240601503759,0.0258646616541353,0.0369924812030075,0.193984962406015,0.0222556390977444,0.000601503759398496,0.0210526315789474,0.0252631578947368,0.0466165413533835,0.256842105263158,0.0736842105263158,0.00210526315789474,0.00270676691729323,0.0857142857142857,0.00601503759398496,0.0700751879699248
"Werba_2023_P09",0.00916590284142988,0.0595783684692942,0.15948670944088,0.0073327222731439,0.0210815765352887,0.0467461044912924,0.00549954170485793,0,0.0119156736938588,0.00824931255728689,0.0265811182401467,0.293308890925756,0.0320806599450046,0.000916590284142988,0.148487626031164,0.0504124656278643,0,0.119156736938588
"Werba_2023_P11",0.00921805467260013,0.0244755244755245,0.0181182453909727,0.00699300699300699,0.0235219326128417,0.187539732994278,0.00317863954227591,0.00635727908455181,0.0305149396058487,0.0247933884297521,0.0705657978385251,0.514303877940242,0.0298792116973935,0.00286077558804832,0.00127145581691036,0.019389701207883,0.00286077558804832,0.0241576605212969
"Werba_2023_P13",0.0104811815150071,0.0428775607432111,0.0281086231538828,0.00714626012386851,0.0028585040495474,0.213911386374464,0,0,0.00666984278227727,0.0014292520247737,0.0104811815150071,0.319676036207718,0.0500238208670796,0,0.0862315388280133,0.166746069556932,0.000952834683182468,0.0524059075750357
"Werba_2023_P16",0.0181086519114688,0.108316566063045,0.155600268276325,0.00603621730382294,0.0117370892018779,0.138832997987928,0.000335345405767941,0.00536552649228706,0.0271629778672032,0.00771294433266264,0.0295103957075788,0.0466130114017438,0.0633802816901408,0,0.0251509054325956,0.175050301810865,0.0016767270288397,0.179409792085848
"Werba_2023_P20",0.054675118858954,0.0759706814580032,0.103506339144216,0.00346671949286846,0.0063391442155309,0.0387282091917591,0.000792393026941363,0.000891442155309033,0.00485340729001585,0.000891442155309033,0.00316957210776545,0.219889064976228,0.162440570522979,0.000396196513470681,0.0063391442155309,0.153724247226624,0.000594294770206022,0.163332012678288
"Werba_2023_P21",0.00884466556108347,0.0320619126589276,0.0939745715865119,0.00386954118297402,0.0033167495854063,0.24212271973466,0,0.00497512437810945,0.0116086235489221,0.0105030403537866,0.0204532891100055,0.237147595356551,0.0823659480375898,0,0.108347153123273,0.101160862354892,0.00110558319513543,0.0381426202321725
"Werba_2023_P22",0.0247199691000386,0.213595983005021,0.0181537273078409,0.000965623792970259,0.000772499034376207,0.0870992661259173,0,0.000193124758594052,0.000772499034376207,0.000193124758594052,0.00154499806875241,0.104287369640788,0.186172267284666,0,0.0552336809578988,0.192352259559676,0,0.113943607570491
"Werba_2023_P23",0.144888888888889,0.0582222222222222,0.0438518518518519,0.0272592592592593,0.038962962962963,0.109333333333333,0.00637037037037037,0.000592592592592593,0.0223703703703704,0.0625185185185185,0.0594074074074074,0.218814814814815,0.0957037037037037,0.00325925925925926,0.00237037037037037,0.0308148148148148,0.00251851851851852,0.0727407407407407
"Werba_2023_P24",0.0146208772526352,0.101326079564774,0.116286977218633,0.00374022441346481,0.0125807548452907,0.078884733083985,0.0064603876232574,0.0224413464807888,0.00544032641958518,0.00238014280856851,0.00612036722203332,0.238014280856851,0.0312818769126148,0.000340020401224073,0.018701122067324,0.138048282896974,0.00340020401224073,0.199931995919755
"Werba_2023_P25",0.0174625417699687,0.0244691171714994,0.245230139053573,0.0024792497574647,0.00689878193381481,0.0632747655492077,0,0.00409615177320254,0.00776112967554166,0.0163846070928102,0.0260860191872373,0.184003449390967,0.091624447558478,0,0.00107793467715856,0.22086881534979,0.000107793467715856,0.0881750565915705
"Werba_2023_P26",0.0148218227688426,0.0662251655629139,0.0178177231157364,0.0195521917376222,0.000315357931251971,0.0341374960580259,0.00141911069063387,0,0.0365026805424156,0.00473036896877956,0.0294071270892463,0.143724377168086,0.342794071270892,0,0.194497004099653,0.0383159886471145,0.000473036896877956,0.0552664774519079
